{
  "cfg": {
    "append_unique_token": true,
    "budget_mode": "tokens",
    "data_dir": "./data/RQ_album_artist_anchor/yambda",
    "device": "cuda",
    "eval": {
      "beam_size": 50,
      "catalog_size": null,
      "k_list": [
        10,
        50,
        100
      ],
      "max_batch_tokens": 32768,
      "max_batch_users": 1024,
      "max_candidates": 100,
      "per_code_max_items": 10
    },
    "flatten_codebooks": false,
    "history_budget": 128,
    "item_col": "item_id",
    "min_item_count": 16,
    "num_special_tokens": 2,
    "pop_k": 30000,
    "seed": 42,
    "semantic_ids_path": "./results/RQ_album_artist_anchor/hier_artist_album_rq_a1024_b64_r1024_r3/sids.parquet",
    "sep_token": 1,
    "summary_json": "./results/RQ_album_artist_anchor/hier_artist_album_rq_a1024_b64_r1024_r3/seqrec_summary.json",
    "target_col": "target",
    "test_interactions_path": "seqrec_test_sample_interactions.parquet",
    "time_col": "timestamp",
    "train": {
      "adam_lr": 0.008,
      "compile": true,
      "compile_dynamic": false,
      "depth": 4,
      "device_batch_size": 256,
      "final_lr_frac": 0.1,
      "grad_clip": 0.0,
      "ideal_batch_size_tokens": 65536,
      "matmul_precision": "high",
      "muon_lr": 0.06,
      "tf32": true,
      "warmdown_ratio": 0.45,
      "weight_decay": 0.0
    },
    "user_col": "user_id",
    "user_start_token": 0
  },
  "metrics": {
    "coverage@10": 0.05910749326628217,
    "coverage@100": 0.13401031135517472,
    "coverage@50": 0.13401031135517472,
    "head_ndcg@10": 0.029687139429199497,
    "head_ndcg@100": 0.04683511080270706,
    "head_ndcg@50": 0.04683511080270706,
    "head_recall@10": 0.056592849905919895,
    "head_recall@100": 0.13547546678245875,
    "head_recall@50": 0.13547546678245875,
    "long_tail_share": 0.04693209909009821,
    "mean_candidate_sid_length": 6.0,
    "ndcg@10": 0.02247009971539171,
    "ndcg@100": 0.035953062349516056,
    "ndcg@50": 0.035953062349516056,
    "recall@10": 0.04270762110135177,
    "recall@100": 0.10503339820123048,
    "recall@50": 0.10503339820123048,
    "tail_ndcg@10": 0.0032737465362976037,
    "tail_ndcg@100": 0.007008279765071383,
    "tail_ndcg@50": 0.007008279765071383,
    "tail_recall@10": 0.005774783445620823,
    "tail_recall@100": 0.0240615976900866,
    "tail_recall@50": 0.0240615976900866,
    "unique_sids_per_user": 50.0
  },
  "stats": {
    "append_unique_token": true,
    "budget_mode": "tokens",
    "data_dir": "./data/RQ_album_artist_anchor/yambda",
    "flatten_codebooks": false,
    "history_budget_total": 128,
    "item_col": "item_id",
    "min_item_count": 16,
    "n_test_interactions_after_core": 130704,
    "n_train_interactions_after_core": 78995095,
    "n_users_pretrain": 812012,
    "n_users_test": 19013,
    "num_special_tokens": 2,
    "pop_k": 30000,
    "pretrain_avg_len_tokens": 96.31441407269843,
    "pretrain_max_len_observed": 127,
    "seed": 42,
    "semantic_ids_path": "./results/RQ_album_artist_anchor/hier_artist_album_rq_a1024_b64_r1024_r3/sids.parquet",
    "sep_token": 1,
    "sid_len_max": 6,
    "sid_stream_len_max": 6,
    "target_col": "target",
    "test_avg_len_events": 18.60924235993209,
    "test_avg_len_tokens": 111.68647767317098,
    "test_history_budget": 121,
    "test_max_len_observed": 121,
    "test_path": "./data/RQ_album_artist_anchor/yambda/seqrec_test_sample_interactions.parquet",
    "time_col": "timestamp",
    "token_dtype": "UInt32",
    "token_offset": 2,
    "train_avg_len_events": 15.885735678783073,
    "train_history_budget": 127,
    "train_path": "./data/RQ_album_artist_anchor/yambda/seqrec_train_interactions.parquet",
    "unique_token_offset": 1027,
    "user_col": "user_id",
    "user_start_token": 0,
    "vocab_size": 1057
  }
}