{
  "meta": {
    "varlen": false,
    "maxlen": 5,
    "vocab_size": 4096,
    "batch_size": 2048,
    "per_step": true,
    "expected_holdout_frac": 0.01
  },
  "sanity": {
    "train_holdout_items": 268054,
    "cold_items": 30899
  },
  "train_holdout": {
    "n_items": 268054,
    "recon_head_longtail": {
      "head": {
        "uniform": {
          "@last": 0.02820788766145706
        },
        "unigram": {
          "@last": 0.01797945524656101
        }
      },
      "longtail": {
        "uniform": {
          "@last": 0.049547928860092044
        },
        "unigram": {
          "@last": 0.04434156053455816
        }
      }
    },
    "recon": {
      "uniform": {
        "@1": 0.22763212298858088,
        "@2": 0.11635290758365371,
        "@3": 0.0757973972580046,
        "@4": 0.05544928485733999,
        "@5": 0.047159599450437774
      },
      "unigram": {
        "@1": 0.1394105361477311,
        "@2": 0.08105687323331401,
        "@3": 0.056299968282079116,
        "@4": 0.03457204211882076,
        "@5": 0.02465336051578175
      }
    },
    "codebook": {
      "perplexity@1": 2114.52921628749,
      "codebook_usage@1": 0.991943359375,
      "perplexity@2": 3251.4566069313264,
      "codebook_usage@2": 1.0,
      "perplexity@3": 3441.3613963377666,
      "codebook_usage@3": 1.0,
      "perplexity@4": 3541.171955805101,
      "codebook_usage@4": 1.0,
      "perplexity@5": 3629.1295381837954,
      "codebook_usage@5": 1.0,
      "perplexity_macro": 3195.529742709096,
      "codebook_usage_macro": 0.998388671875,
      "perplexity_micro": 3684.306829773232,
      "codebook_usage_micro": 1.0,
      "total_tokens_micro": 1340270
    },
    "length": {
      "fixed": 5
    },
    "distinctness": {
      "n_items": 268054,
      "n_unique_codes": 263537,
      "unique_codes_per_item": 0.9831489177553776
    }
  },
  "cold": {
    "n_items": 30899,
    "recon": {
      "uniform": {
        "@1": 0.3192959278084097,
        "@2": 0.17732373399369372,
        "@3": 0.119457296848436,
        "@4": 0.09032592580844609,
        "@5": 0.07990422148994498
      },
      "unigram": {
        "@1": 0.2598797945682245,
        "@2": 0.13090902562436246,
        "@3": 0.08638050832047726,
        "@4": 0.06619048911283666,
        "@5": 0.06211130268074538
      }
    },
    "codebook": {
      "perplexity@1": 1183.9265654036515,
      "codebook_usage@1": 0.643310546875,
      "perplexity@2": 2015.0553627360591,
      "codebook_usage@2": 0.884033203125,
      "perplexity@3": 2457.378462851766,
      "codebook_usage@3": 0.941162109375,
      "perplexity@4": 2784.767786003637,
      "codebook_usage@4": 0.960693359375,
      "perplexity@5": 3034.5315662309745,
      "codebook_usage@5": 0.9755859375,
      "perplexity_macro": 2295.1319486452176,
      "codebook_usage_macro": 0.88095703125,
      "perplexity_micro": 2766.9817345290558,
      "codebook_usage_micro": 0.99951171875,
      "total_tokens_micro": 154495
    },
    "length": {
      "fixed": 5
    },
    "distinctness": {
      "n_items": 30899,
      "n_unique_codes": 30705,
      "unique_codes_per_item": 0.993721479659536
    }
  }
}