{
  "cfg": {
    "append_unique_token": true,
    "budget_mode": "tokens",
    "data_dir": "./data/RQ_album_artist_anchor/yambda",
    "device": "cuda",
    "eval": {
      "beam_size": 50,
      "catalog_size": null,
      "k_list": [
        10,
        50,
        100
      ],
      "max_batch_tokens": 16384,
      "max_batch_users": 512,
      "max_candidates": 100,
      "per_code_max_items": 10
    },
    "flatten_codebooks": false,
    "history_budget": 128,
    "item_col": "item_id",
    "min_item_count": 16,
    "num_special_tokens": 2,
    "pop_k": 30000,
    "seed": 42,
    "semantic_ids_path": "./results/RQ_album_artist_anchor/fixed/sids.parquet",
    "sep_token": 1,
    "summary_json": "./results/RQ_album_artist_anchor/fixed/seqrec_summary.json",
    "target_col": "target",
    "test_interactions_path": "seqrec_test_sample_interactions.parquet",
    "time_col": "timestamp",
    "train": {
      "adam_lr": 0.008,
      "compile": true,
      "compile_dynamic": false,
      "depth": 4,
      "device_batch_size": 64,
      "final_lr_frac": 0.1,
      "grad_clip": 0.0,
      "ideal_batch_size_tokens": 65536,
      "matmul_precision": "high",
      "muon_lr": 0.06,
      "tf32": true,
      "warmdown_ratio": 0.45,
      "weight_decay": 0.0
    },
    "user_col": "user_id",
    "user_start_token": 0
  },
  "metrics": {
    "coverage@10": 0.024756205839121966,
    "coverage@100": 0.07211979675736978,
    "coverage@50": 0.07211979675736978,
    "head_ndcg@10": 0.024000389768422385,
    "head_ndcg@100": 0.039419055722032276,
    "head_ndcg@50": 0.039419055722032276,
    "head_recall@10": 0.04599610080150207,
    "head_recall@100": 0.1173369918405659,
    "head_recall@50": 0.1173369918405659,
    "long_tail_share": 0.03039078525219574,
    "mean_candidate_sid_length": 6.0,
    "ndcg@10": 0.017533179694529864,
    "ndcg@100": 0.029190851818100643,
    "ndcg@50": 0.029190851818100643,
    "recall@10": 0.03366117919318343,
    "recall@100": 0.08778204386472425,
    "recall@50": 0.08778204386472425,
    "tail_ndcg@10": 0.00018918428141293786,
    "tail_ndcg@100": 0.0017604885598616793,
    "tail_ndcg@50": 0.0017604885598616793,
    "tail_recall@10": 0.0005809450038729673,
    "tail_recall@100": 0.008520526723470178,
    "tail_recall@50": 0.008520526723470178,
    "unique_sids_per_user": 50.0
  },
  "stats": {
    "append_unique_token": true,
    "budget_mode": "tokens",
    "data_dir": "./data/RQ_album_artist_anchor/yambda",
    "flatten_codebooks": false,
    "history_budget_total": 128,
    "item_col": "item_id",
    "min_item_count": 16,
    "n_test_interactions_after_core": 134826,
    "n_train_interactions_after_core": 78995095,
    "n_users_pretrain": 812012,
    "n_users_test": 19013,
    "num_special_tokens": 2,
    "pop_k": 30000,
    "pretrain_avg_len_tokens": 96.31441407269843,
    "pretrain_max_len_observed": 127,
    "seed": 42,
    "semantic_ids_path": "./results/RQ_album_artist_anchor/fixed/sids.parquet",
    "sep_token": 1,
    "sid_len_max": 6,
    "sid_stream_len_max": 6,
    "target_col": "target",
    "test_avg_len_events": 18.538952406274927,
    "test_avg_len_tokens": 111.0168305895966,
    "test_history_budget": 121,
    "test_max_len_observed": 121,
    "test_path": "./data/RQ_album_artist_anchor/yambda/seqrec_test_sample_interactions.parquet",
    "time_col": "timestamp",
    "token_dtype": "UInt32",
    "token_offset": 2,
    "train_avg_len_events": 15.885735678783073,
    "train_history_budget": 127,
    "train_path": "./data/RQ_album_artist_anchor/yambda/seqrec_train_interactions.parquet",
    "unique_token_offset": 4098,
    "user_col": "user_id",
    "user_start_token": 0,
    "vocab_size": 4183
  }
}