{
  "meta": {
    "varlen": true,
    "maxlen": 5,
    "vocab_size": 4096,
    "batch_size": 2048,
    "per_step": true,
    "expected_holdout_frac": 0.01
  },
  "sanity": {
    "train_holdout_items": 268054,
    "cold_items": 30899
  },
  "train_holdout": {
    "n_items": 268054,
    "recon_head_longtail": {
      "head": {
        "uniform": {
          "@last": 0.037833105405171714,
          "@varlen": 0.038629554680983225
        },
        "unigram": {
          "@last": 0.02862713282789407,
          "@varlen": 0.020875043474321064
        }
      },
      "longtail": {
        "uniform": {
          "@last": 0.06282490358012381,
          "@varlen": 0.07553910707940084
        },
        "unigram": {
          "@last": 0.05709280545105266,
          "@varlen": 0.06944517808836576
        }
      }
    },
    "recon": {
      "uniform": {
        "@1": 0.24958580813062475,
        "@2": 0.135322268945395,
        "@3": 0.09203406007199146,
        "@4": 0.07062452887050008,
        "@5": 0.060027877790653744,
        "@varlen": 0.0714082731343876
      },
      "unigram": {
        "@1": 0.16342731219398424,
        "@2": 0.05891700537383595,
        "@3": 0.04874927965562631,
        "@4": 0.039729023316414494,
        "@5": 0.03583358305973498,
        "@varlen": 0.0331711963555815
      }
    },
    "codebook": {
      "perplexity@1": 2338.5691759702822,
      "codebook_usage@1": 0.99609375,
      "perplexity@2": 2634.4994293711675,
      "codebook_usage@2": 0.99462890625,
      "perplexity@3": 2875.75283565346,
      "codebook_usage@3": 0.997802734375,
      "perplexity@4": 2837.3021764178848,
      "codebook_usage@4": 0.99609375,
      "perplexity@5": 2820.598044986,
      "codebook_usage@5": 0.981201171875,
      "perplexity_macro": 2701.344332479759,
      "codebook_usage_macro": 0.9931640625,
      "perplexity_micro": 3057.815815594705,
      "codebook_usage_micro": 1.0,
      "total_tokens_micro": 949487
    },
    "length": {
      "mean_uniform": 3.5421482238653406,
      "mean_unigram": 2.4454681266969254
    },
    "popularity_length": {
      "pop_stats_by_length": {
        "1": {
          "count": 21041,
          "pop_mean": 974.2306449313246,
          "pop_median": 75.0,
          "pop_std": 3492.920149815699,
          "pop_min": 16.0,
          "pop_max": 82097.0
        },
        "2": {
          "count": 43877,
          "pop_mean": 686.15620940356,
          "pop_median": 97.0,
          "pop_std": 1606.9979363347186,
          "pop_min": 16.0,
          "pop_max": 41193.0
        },
        "3": {
          "count": 48102,
          "pop_mean": 188.28751403268055,
          "pop_median": 59.0,
          "pop_std": 389.1021999679974,
          "pop_min": 16.0,
          "pop_max": 15366.0
        },
        "4": {
          "count": 78784,
          "pop_mean": 144.27929528838342,
          "pop_median": 49.0,
          "pop_std": 268.76558531987627,
          "pop_min": 16.0,
          "pop_max": 5890.0
        },
        "5": {
          "count": 76250,
          "pop_mean": 104.4711606557377,
          "pop_median": 40.0,
          "pop_std": 188.83355436732603,
          "pop_min": 16.0,
          "pop_max": 3078.0
        }
      }
    },
    "head_longtail": {
      "mean_length_head": 2.7499,
      "mean_length_longtail": 3.6419887924588537,
      "count_head": 30000,
      "count_longtail": 238054
    },
    "distinctness": {
      "n_items": 268054,
      "n_unique_codes": 219089,
      "unique_codes_per_item": 0.8173315824423437
    }
  },
  "cold": {
    "n_items": 30899,
    "recon": {
      "uniform": {
        "@1": 0.34947244589905696,
        "@2": 0.21000583114977112,
        "@3": 0.14649827520671163,
        "@4": 0.1133756358251822,
        "@5": 0.0951878826588642,
        "@varlen": 0.10586104443468412
      },
      "unigram": {
        "@1": 0.28103485964044955,
        "@2": 0.1575197478180065,
        "@3": 0.10984357233127447,
        "@4": 0.08528094498764485,
        "@5": 0.07254604900081615,
        "@varlen": 0.08930590574658208
      }
    },
    "codebook": {
      "perplexity@1": 1165.445049555643,
      "codebook_usage@1": 0.720947265625,
      "perplexity@2": 1427.6007839746926,
      "codebook_usage@2": 0.768798828125,
      "perplexity@3": 1723.8068624824307,
      "codebook_usage@3": 0.809814453125,
      "perplexity@4": 1903.6885333129621,
      "codebook_usage@4": 0.811767578125,
      "perplexity@5": 2129.395593704624,
      "codebook_usage@5": 0.784423828125,
      "perplexity_macro": 1669.9873646060703,
      "codebook_usage_macro": 0.779150390625,
      "perplexity_micro": 1931.4182625096794,
      "codebook_usage_micro": 0.97900390625,
      "total_tokens_micro": 128170
    },
    "length": {
      "mean_uniform": 4.14803068060455,
      "mean_unigram": 3.5316758653559326
    },
    "popularity_length": {
      "pop_stats_by_length": {
        "1": {
          "count": 1098,
          "pop_mean": 3.1129326047358834,
          "pop_median": 1.0,
          "pop_std": 24.034121830762714,
          "pop_min": 1.0,
          "pop_max": 406.0
        },
        "2": {
          "count": 2418,
          "pop_mean": 7.430934656741108,
          "pop_median": 1.0,
          "pop_std": 152.3713113923048,
          "pop_min": 1.0,
          "pop_max": 7063.0
        },
        "3": {
          "count": 3411,
          "pop_mean": 4.810319554382879,
          "pop_median": 1.0,
          "pop_std": 98.13089928733896,
          "pop_min": 1.0,
          "pop_max": 5193.0
        },
        "4": {
          "count": 7857,
          "pop_mean": 1.9779814178439608,
          "pop_median": 1.0,
          "pop_std": 16.946976096845376,
          "pop_min": 1.0,
          "pop_max": 1296.0
        },
        "5": {
          "count": 16115,
          "pop_mean": 1.589885200124108,
          "pop_median": 1.0,
          "pop_std": 29.77741737514431,
          "pop_min": 1.0,
          "pop_max": 3694.0
        }
      }
    },
    "distinctness": {
      "n_items": 30899,
      "n_unique_codes": 28832,
      "unique_codes_per_item": 0.9331046312178388
    }
  },
  "training_metadata_supervision": {
    "mode": "prefix",
    "metadata_loss": 0.14647079821482062,
    "artist_loss": 2.1227966102889106,
    "album_loss": 2.759563440184602,
    "artist_accuracy": 0.5469293049573156,
    "album_accuracy": 0.5312529802272934
  }
}