{
  "num_items": 268054,
  "num_unique_sids": 219089,
  "mean_sid_length": 3.5421482238653406,
  "collision_bucket_count": 14262,
  "colliding_item_count": 63227,
  "excess_item_collisions": 48965,
  "mean_items_per_sid": 1.2234936486998433,
  "p95_items_per_sid": 2.0,
  "max_items_per_sid": 744,
  "artist_prefix_purity": {
    "1": {
      "num_items": 268054,
      "num_prefixes": 4080,
      "purity": 0.2579704089474509
    },
    "2": {
      "num_items": 247013,
      "num_prefixes": 110709,
      "purity": 0.6297239416548926
    },
    "3": {
      "num_items": 203136,
      "num_prefixes": 181524,
      "purity": 0.9439341131064902
    },
    "4": {
      "num_items": 155034,
      "num_prefixes": 151693,
      "purity": 0.9948462917811577
    },
    "5": {
      "num_items": 76250,
      "num_prefixes": 75477,
      "purity": 0.9982295081967213
    }
  },
  "album_prefix_purity": {
    "1": {
      "num_items": 268054,
      "num_prefixes": 4080,
      "purity": 0.077663455870832
    },
    "2": {
      "num_items": 247013,
      "num_prefixes": 110709,
      "purity": 0.5039856201900305
    },
    "3": {
      "num_items": 203136,
      "num_prefixes": 181524,
      "purity": 0.907205025204789
    },
    "4": {
      "num_items": 155034,
      "num_prefixes": 151693,
      "purity": 0.9814750312834604
    },
    "5": {
      "num_items": 76250,
      "num_prefixes": 75477,
      "purity": 0.9909377049180328
    }
  }
}