{
  "cfg": {
    "append_unique_token": true,
    "budget_mode": "tokens",
    "data_dir": "./data/RQ_album_artist_anchor/yambda",
    "device": "cuda",
    "eval": {
      "beam_size": 50,
      "catalog_size": null,
      "k_list": [
        10,
        50,
        100
      ],
      "max_batch_tokens": 16384,
      "max_batch_users": 512,
      "max_candidates": 100,
      "per_code_max_items": 10
    },
    "flatten_codebooks": false,
    "history_budget": 128,
    "item_col": "item_id",
    "min_item_count": 16,
    "num_special_tokens": 2,
    "pop_k": 30000,
    "seed": 42,
    "semantic_ids_path": "./results/RQ_album_artist_anchor/prefix/sids.parquet",
    "sep_token": 1,
    "summary_json": "./results/RQ_album_artist_anchor/prefix/seqrec_summary.json",
    "target_col": "target",
    "test_interactions_path": "seqrec_test_sample_interactions.parquet",
    "time_col": "timestamp",
    "train": {
      "adam_lr": 0.008,
      "compile": true,
      "compile_dynamic": false,
      "depth": 4,
      "device_batch_size": 64,
      "final_lr_frac": 0.1,
      "grad_clip": 0.0,
      "ideal_batch_size_tokens": 65536,
      "matmul_precision": "high",
      "muon_lr": 0.06,
      "tf32": true,
      "warmdown_ratio": 0.45,
      "weight_decay": 0.0
    },
    "user_col": "user_id",
    "user_start_token": 0
  },
  "metrics": {
    "coverage@10": 0.04489020868929395,
    "coverage@100": 0.12355719369977691,
    "coverage@50": 0.12355719369977691,
    "head_ndcg@10": 0.027684656780244066,
    "head_ndcg@100": 0.04728411465845068,
    "head_ndcg@50": 0.04728411465845068,
    "head_recall@10": 0.0546609863528052,
    "head_recall@100": 0.14506462560473632,
    "head_recall@50": 0.14506462560473632,
    "long_tail_share": 0.05363908904434189,
    "mean_candidate_sid_length": 3.1969473518118448,
    "ndcg@10": 0.02047924083356272,
    "ndcg@100": 0.03567286391134066,
    "ndcg@50": 0.03567286391134066,
    "recall@10": 0.04055120180928827,
    "recall@100": 0.11076631778256994,
    "recall@50": 0.11076631778256994,
    "tail_ndcg@10": 0.0011554984932086055,
    "tail_ndcg@100": 0.004533396135057401,
    "tail_ndcg@50": 0.004533396135057401,
    "tail_recall@10": 0.0027110766847405067,
    "tail_recall@100": 0.01878388845855925,
    "tail_recall@50": 0.01878388845855925,
    "unique_sids_per_user": 50.0
  },
  "stats": {
    "append_unique_token": true,
    "budget_mode": "tokens",
    "data_dir": "./data/RQ_album_artist_anchor/yambda",
    "flatten_codebooks": false,
    "history_budget_total": 128,
    "item_col": "item_id",
    "min_item_count": 16,
    "n_test_interactions_after_core": 134826,
    "n_train_interactions_after_core": 78995095,
    "n_users_pretrain": 812012,
    "n_users_test": 19013,
    "num_special_tokens": 2,
    "pop_k": 30000,
    "pretrain_avg_len_tokens": 85.27695896119762,
    "pretrain_max_len_observed": 128,
    "seed": 42,
    "semantic_ids_path": "./results/RQ_album_artist_anchor/prefix/sids.parquet",
    "sep_token": 1,
    "sid_len_max": 6,
    "sid_stream_len_max": 6,
    "target_col": "target",
    "test_avg_len_events": 30.213560223344857,
    "test_avg_len_tokens": 104.09409351496345,
    "test_history_budget": 121,
    "test_max_len_observed": 122,
    "test_path": "./data/RQ_album_artist_anchor/yambda/seqrec_test_sample_interactions.parquet",
    "time_col": "timestamp",
    "token_dtype": "UInt32",
    "token_offset": 2,
    "train_avg_len_events": 24.822867149746557,
    "train_history_budget": 127,
    "train_path": "./data/RQ_album_artist_anchor/yambda/seqrec_train_interactions.parquet",
    "unique_token_offset": 4098,
    "user_col": "user_id",
    "user_start_token": 0,
    "vocab_size": 4692
  }
}