{
  "cfg": {
    "append_unique_token": true,
    "budget_mode": "tokens",
    "data_dir": "./data/RQ_album_artist_anchor/yambda",
    "device": "cuda",
    "eval": {
      "beam_size": 50,
      "catalog_size": null,
      "k_list": [
        10,
        50,
        100
      ],
      "max_batch_tokens": 8192,
      "max_batch_users": 128,
      "max_candidates": 100,
      "per_code_max_items": 10
    },
    "flatten_codebooks": false,
    "history_budget": 128,
    "item_col": "item_id",
    "min_item_count": 16,
    "num_special_tokens": 2,
    "pop_k": 30000,
    "seed": 42,
    "semantic_ids_path": "./results/RQ_album_artist_anchor/original/sids.parquet",
    "sep_token": 1,
    "summary_json": "./results/RQ_album_artist_anchor/original_adamw/seqrec_summary.json",
    "target_col": "target",
    "test_interactions_path": "seqrec_test_sample_interactions.parquet",
    "time_col": "timestamp",
    "train": {
      "adam_lr": 0.008,
      "compile": true,
      "compile_dynamic": false,
      "depth": 4,
      "device_batch_size": 64,
      "final_lr_frac": 0.1,
      "grad_clip": 0.0,
      "ideal_batch_size_tokens": 16384,
      "matmul_precision": "high",
      "muon_lr": 0.06,
      "tf32": true,
      "warmdown_ratio": 0.45,
      "weight_decay": 0.0
    },
    "user_col": "user_id",
    "user_start_token": 0
  },
  "metrics": {
    "coverage@10": 0.01701149768330262,
    "coverage@100": 0.0586822058241996,
    "coverage@50": 0.0586822058241996,
    "head_ndcg@10": 0.009141001562275975,
    "head_ndcg@100": 0.012811962554844056,
    "head_ndcg@50": 0.012811962554844056,
    "head_recall@10": 0.015779658585568842,
    "head_recall@100": 0.03263520298378983,
    "head_recall@50": 0.03263520298378983,
    "long_tail_share": 0.06786409298900986,
    "mean_candidate_sid_length": 6.0,
    "ndcg@10": 0.006723331225397672,
    "ndcg@100": 0.009449740589157587,
    "ndcg@50": 0.009449740589157587,
    "recall@10": 0.01162362594014614,
    "recall@100": 0.024141376952611218,
    "recall@50": 0.024141376952611218,
    "tail_ndcg@10": 7.628728204191314e-05,
    "tail_ndcg@100": 0.0002057850289916187,
    "tail_ndcg@50": 0.0002057850289916187,
    "tail_recall@10": 0.00019719976336028333,
    "tail_recall@100": 0.0007887990534411334,
    "tail_recall@50": 0.0007887990534411334,
    "unique_sids_per_user": 50.0
  },
  "stats": {
    "append_unique_token": true,
    "budget_mode": "tokens",
    "data_dir": "./data/RQ_album_artist_anchor/yambda",
    "flatten_codebooks": false,
    "history_budget_total": 128,
    "item_col": "item_id",
    "min_item_count": 16,
    "n_test_interactions_after_core": 126401,
    "n_train_interactions_after_core": 78995095,
    "n_users_pretrain": 812012,
    "n_users_test": 19013,
    "num_special_tokens": 2,
    "pop_k": 30000,
    "pretrain_avg_len_tokens": 96.31441407269843,
    "pretrain_max_len_observed": 127,
    "seed": 42,
    "semantic_ids_path": "./results/RQ_album_artist_anchor/original/sids.parquet",
    "sep_token": 1,
    "sid_len_max": 6,
    "sid_stream_len_max": 6,
    "target_col": "target",
    "test_avg_len_events": 18.582642872317823,
    "test_avg_len_tokens": 111.41098195971178,
    "test_history_budget": 121,
    "test_max_len_observed": 121,
    "test_path": "./data/RQ_album_artist_anchor/yambda/seqrec_test_sample_interactions.parquet",
    "time_col": "timestamp",
    "token_dtype": "UInt32",
    "token_offset": 2,
    "train_avg_len_events": 15.885735678783073,
    "train_history_budget": 127,
    "train_path": "./data/RQ_album_artist_anchor/yambda/seqrec_train_interactions.parquet",
    "unique_token_offset": 4074,
    "user_col": "user_id",
    "user_start_token": 0,
    "vocab_size": 11938
  }
}