{
  "meta": {
    "varlen": true,
    "maxlen": 3,
    "vocab_size": 256,
    "batch_size": 128,
    "per_step": true,
    "expected_holdout_frac": 0.01
  },
  "sanity": {
    "train_holdout_items": 268054,
    "cold_items": 30899
  },
  "train_holdout": {
    "n_items": 268054,
    "recon_head_longtail": {
      "head": {
        "uniform": {
          "@last": 0.10319335881893833,
          "@varlen": 0.10319335881893833
        },
        "unigram": {
          "@last": 0.07826388587175885,
          "@varlen": 0.07826388587175885
        }
      },
      "longtail": {
        "uniform": {
          "@last": 0.13718556716407315,
          "@varlen": 0.13718556716407315
        },
        "unigram": {
          "@last": 0.1280828402050779,
          "@varlen": 0.1280828402050779
        }
      }
    },
    "recon": {
      "uniform": {
        "@1": 0.3925886731333944,
        "@2": 0.20369804519647003,
        "@3": 0.133381235765132,
        "@varlen": 0.133381235765132
      },
      "unigram": {
        "@1": 0.32943266038273394,
        "@2": 0.1554928540831573,
        "@3": 0.09087619351170934,
        "@varlen": 0.09087619351170934
      }
    },
    "codebook": {
      "perplexity@1": 220.91665872110192,
      "codebook_usage@1": 1.0,
      "perplexity@2": 236.02701751979114,
      "codebook_usage@2": 1.0,
      "perplexity@3": 236.9037802725395,
      "codebook_usage@3": 1.0,
      "perplexity_macro": 231.28248550447753,
      "codebook_usage_macro": 1.0,
      "perplexity_micro": 239.46653101050043,
      "codebook_usage_micro": 1.0,
      "total_tokens_micro": 804162
    },
    "length": {
      "mean_uniform": 3.0,
      "mean_unigram": 3.0
    },
    "popularity_length": {
      "pop_stats_by_length": {
        "3": {
          "count": 268054,
          "pop_mean": 294.6984376282391,
          "pop_median": 53.0,
          "pop_std": 1232.5550688105068,
          "pop_min": 16.0,
          "pop_max": 82097.0
        }
      }
    },
    "head_longtail": {
      "mean_length_head": 3.0,
      "mean_length_longtail": 3.0,
      "count_head": 30000,
      "count_longtail": 238054
    },
    "distinctness": {
      "n_items": 268054,
      "n_unique_codes": 175674,
      "unique_codes_per_item": 0.6553679482492334
    }
  },
  "cold": {
    "n_items": 30899,
    "recon": {
      "uniform": {
        "@1": 0.519552097871792,
        "@2": 0.28935225162156103,
        "@3": 0.19940819560202538,
        "@varlen": 0.19940819560202538
      },
      "unigram": {
        "@1": 0.3969758123650031,
        "@2": 0.2203816702885356,
        "@3": 0.14920121913814757,
        "@varlen": 0.14920121913814757
      }
    },
    "codebook": {
      "perplexity@1": 151.56246655323997,
      "codebook_usage@1": 1.0,
      "perplexity@2": 179.98497721044575,
      "codebook_usage@2": 1.0,
      "perplexity@3": 202.15573328291694,
      "codebook_usage@3": 1.0,
      "perplexity_macro": 177.9010590155342,
      "codebook_usage_macro": 1.0,
      "perplexity_micro": 185.98376714343638,
      "codebook_usage_micro": 1.0,
      "total_tokens_micro": 92697
    },
    "length": {
      "mean_uniform": 3.0,
      "mean_unigram": 3.0
    },
    "popularity_length": {
      "pop_stats_by_length": {
        "3": {
          "count": 30899,
          "pop_mean": 2.5552930515550667,
          "pop_median": 1.0,
          "pop_std": 58.63344143453695,
          "pop_min": 1.0,
          "pop_max": 7063.0
        }
      }
    },
    "distinctness": {
      "n_items": 30899,
      "n_unique_codes": 25609,
      "unique_codes_per_item": 0.8287970484481698
    }
  }
}