{
  "num_items": 268054,
  "num_unique_sids": 175674,
  "mean_sid_length": 3.0,
  "collision_bucket_count": 38076,
  "colliding_item_count": 130456,
  "excess_item_collisions": 92380,
  "mean_items_per_sid": 1.5258604005145895,
  "p95_items_per_sid": 3.0,
  "max_items_per_sid": 280,
  "artist_prefix_purity": {
    "1": {
      "num_items": 268054,
      "num_prefixes": 256,
      "purity": 0.06565841211099256
    },
    "2": {
      "num_items": 268054,
      "num_prefixes": 28641,
      "purity": 0.27758959015720713
    },
    "3": {
      "num_items": 268054,
      "num_prefixes": 175674,
      "purity": 0.7750341349131146
    }
  },
  "album_prefix_purity": {
    "1": {
      "num_items": 268054,
      "num_prefixes": 256,
      "purity": 0.013743499444141853
    },
    "2": {
      "num_items": 268054,
      "num_prefixes": 28641,
      "purity": 0.15782640811179838
    },
    "3": {
      "num_items": 268054,
      "num_prefixes": 175674,
      "purity": 0.6884620263081319
    }
  }
}