{
  "meta": {
    "varlen": true,
    "maxlen": 5,
    "vocab_size": 4096,
    "batch_size": 2048,
    "per_step": true,
    "expected_holdout_frac": 0.01
  },
  "sanity": {
    "train_holdout_items": 268054,
    "cold_items": 30899
  },
  "train_holdout": {
    "n_items": 268054,
    "recon_head_longtail": {
      "head": {
        "uniform": {
          "@last": 0.03860594426393509,
          "@varlen": 0.04951042433182398
        },
        "unigram": {
          "@last": 0.023133223602564947,
          "@varlen": 0.025942190664853624
        }
      },
      "longtail": {
        "uniform": {
          "@last": 0.08385460632350371,
          "@varlen": 0.123186747574929
        },
        "unigram": {
          "@last": 0.07438615568270161,
          "@varlen": 0.10874730504389005
        }
      }
    },
    "recon": {
      "uniform": {
        "@1": 0.24716414573609263,
        "@2": 0.13307591347449374,
        "@3": 0.099833771570297,
        "@4": 0.085858664590585,
        "@5": 0.07879047788995852,
        "@varlen": 0.11494105929205964
      },
      "unigram": {
        "@1": 0.16874008279848238,
        "@2": 0.058584324366158444,
        "@3": 0.04215367712153511,
        "@4": 0.037673586704136314,
        "@5": 0.036108561022362935,
        "@varlen": 0.04690536793677427
      }
    },
    "codebook": {
      "perplexity@1": 2426.915141177083,
      "codebook_usage@1": 0.878173828125,
      "perplexity@2": 2804.2920504288345,
      "codebook_usage@2": 0.879638671875,
      "perplexity@3": 2471.3827445275574,
      "codebook_usage@3": 0.86328125,
      "perplexity@4": 979.654831976555,
      "codebook_usage@4": 0.27490234375,
      "perplexity@5": 791.575508471919,
      "codebook_usage@5": 0.212158203125,
      "perplexity_macro": 1894.7640553163897,
      "codebook_usage_macro": 0.621630859375,
      "perplexity_micro": 2741.595632438108,
      "codebook_usage_micro": 0.880859375,
      "total_tokens_micro": 630127
    },
    "length": {
      "mean_uniform": 2.3507464913786027,
      "mean_unigram": 2.2591408748052895
    },
    "popularity_length": {
      "pop_stats_by_length": {
        "1": {
          "count": 14423,
          "pop_mean": 474.4587811134993,
          "pop_median": 49.0,
          "pop_std": 3104.2043047517036,
          "pop_min": 16.0,
          "pop_max": 82097.0
        },
        "2": {
          "count": 147988,
          "pop_mean": 314.3593331891775,
          "pop_median": 54.0,
          "pop_std": 1249.259001193758,
          "pop_min": 16.0,
          "pop_max": 81860.0
        },
        "3": {
          "count": 103991,
          "pop_mean": 237.41724764643095,
          "pop_median": 53.0,
          "pop_std": 582.0136907009351,
          "pop_min": 16.0,
          "pop_max": 18476.0
        },
        "4": {
          "count": 505,
          "pop_mean": 394.4752475247525,
          "pop_median": 107.0,
          "pop_std": 670.8531377446279,
          "pop_min": 16.0,
          "pop_max": 5369.0
        },
        "5": {
          "count": 1147,
          "pop_mean": 646.9921534437664,
          "pop_median": 263.0,
          "pop_std": 852.3116963218725,
          "pop_min": 16.0,
          "pop_max": 6571.0
        }
      }
    },
    "head_longtail": {
      "mean_length_head": 2.435,
      "mean_length_longtail": 2.3401287102926225,
      "count_head": 30000,
      "count_longtail": 238054
    },
    "distinctness": {
      "n_items": 268054,
      "n_unique_codes": 158955,
      "unique_codes_per_item": 0.5929961873353876
    }
  },
  "cold": {
    "n_items": 30899,
    "recon": {
      "uniform": {
        "@1": 0.3426893447771779,
        "@2": 0.20786082288964966,
        "@3": 0.16187460327839798,
        "@4": 0.1407864703117881,
        "@5": 0.12968282614091,
        "@varlen": 0.18173803836073496
      },
      "unigram": {
        "@1": 0.26842113279804897,
        "@2": 0.1661860809391191,
        "@3": 0.1284854536614244,
        "@4": 0.10919313196990343,
        "@5": 0.09909890104016814,
        "@varlen": 0.14674624154250684
      }
    },
    "codebook": {
      "perplexity@1": 1359.339887642361,
      "codebook_usage@1": 0.714111328125,
      "perplexity@2": 1602.400100327663,
      "codebook_usage@2": 0.746826171875,
      "perplexity@3": 1415.7721475697745,
      "codebook_usage@3": 0.604248046875,
      "perplexity@4": 94.60576467255952,
      "codebook_usage@4": 0.0234375,
      "perplexity@5": 57.62986536851812,
      "codebook_usage@5": 0.01416015625,
      "perplexity_macro": 905.9495531161753,
      "codebook_usage_macro": 0.420556640625,
      "perplexity_micro": 1613.777158729873,
      "codebook_usage_micro": 0.820556640625,
      "total_tokens_micro": 74296
    },
    "length": {
      "mean_uniform": 2.40447910935629,
      "mean_unigram": 2.420639341781413
    },
    "popularity_length": {
      "pop_stats_by_length": {
        "1": {
          "count": 1450,
          "pop_mean": 1.4675862068965517,
          "pop_median": 1.0,
          "pop_std": 6.065946340402347,
          "pop_min": 1.0,
          "pop_max": 223.0
        },
        "2": {
          "count": 15660,
          "pop_mean": 2.721455938697318,
          "pop_median": 1.0,
          "pop_std": 61.81179241258963,
          "pop_min": 1.0,
          "pop_max": 7063.0
        },
        "3": {
          "count": 13689,
          "pop_mean": 2.455986558550661,
          "pop_median": 1.0,
          "pop_std": 58.08203360754631,
          "pop_min": 1.0,
          "pop_max": 5193.0
        },
        "4": {
          "count": 41,
          "pop_mean": 1.2195121951219512,
          "pop_median": 1.0,
          "pop_std": 0.6896446592974974,
          "pop_min": 1.0,
          "pop_max": 5.0
        },
        "5": {
          "count": 59,
          "pop_mean": 9.152542372881356,
          "pop_median": 1.0,
          "pop_std": 52.56976106002058,
          "pop_min": 1.0,
          "pop_max": 404.0
        }
      }
    },
    "distinctness": {
      "n_items": 30899,
      "n_unique_codes": 23835,
      "unique_codes_per_item": 0.7713841871905239
    }
  },
  "training_metadata_supervision": {
    "mode": "aux",
    "metadata_loss": 0.12307747788286832,
    "artist_loss": 1.5160245054244401,
    "album_loss": 2.586558181684162,
    "artist_accuracy": 0.7116995646285457,
    "album_accuracy": 0.5809208836503059
  }
}