{
  "num_items": 268054,
  "num_unique_sids": 158955,
  "mean_sid_length": 2.3507464913786027,
  "collision_bucket_count": 30054,
  "colliding_item_count": 139153,
  "excess_item_collisions": 109099,
  "mean_items_per_sid": 1.6863514831241546,
  "p95_items_per_sid": 4.0,
  "max_items_per_sid": 792,
  "artist_prefix_purity": {
    "1": {
      "num_items": 268054,
      "num_prefixes": 3597,
      "purity": 0.2054586016250457
    },
    "2": {
      "num_items": 253631,
      "num_prefixes": 108947,
      "purity": 0.620787679739464
    },
    "3": {
      "num_items": 105643,
      "num_prefixes": 96343,
      "purity": 0.966632905161724
    },
    "4": {
      "num_items": 1652,
      "num_prefixes": 1615,
      "purity": 0.9981840193704601
    },
    "5": {
      "num_items": 1147,
      "num_prefixes": 1127,
      "purity": 0.999128160418483
    }
  },
  "album_prefix_purity": {
    "1": {
      "num_items": 268054,
      "num_prefixes": 3597,
      "purity": 0.06462130764696665
    },
    "2": {
      "num_items": 253631,
      "num_prefixes": 108947,
      "purity": 0.48622999554470864
    },
    "3": {
      "num_items": 105643,
      "num_prefixes": 96343,
      "purity": 0.926904764158534
    },
    "4": {
      "num_items": 1652,
      "num_prefixes": 1615,
      "purity": 0.9854721549636803
    },
    "5": {
      "num_items": 1147,
      "num_prefixes": 1127,
      "purity": 0.9895379250217959
    }
  }
}