{
  "cfg": {
    "append_unique_token": true,
    "budget_mode": "tokens",
    "data_dir": "./data/RQ_album_artist_anchor/yambda",
    "device": "cuda",
    "eval": {
      "beam_size": 50,
      "catalog_size": null,
      "k_list": [
        10,
        50,
        100
      ],
      "max_batch_tokens": 16384,
      "max_batch_users": 512,
      "max_candidates": 100,
      "per_code_max_items": 10
    },
    "flatten_codebooks": false,
    "history_budget": 128,
    "item_col": "item_id",
    "min_item_count": 16,
    "num_special_tokens": 2,
    "pop_k": 30000,
    "seed": 42,
    "semantic_ids_path": "./results/RQ_album_artist_anchor/aux/sids.parquet",
    "sep_token": 1,
    "summary_json": "./results/RQ_album_artist_anchor/aux/seqrec_summary.json",
    "target_col": "target",
    "test_interactions_path": "seqrec_test_sample_interactions.parquet",
    "time_col": "timestamp",
    "train": {
      "adam_lr": 0.008,
      "compile": true,
      "compile_dynamic": false,
      "depth": 4,
      "device_batch_size": 64,
      "final_lr_frac": 0.1,
      "grad_clip": 0.0,
      "ideal_batch_size_tokens": 65536,
      "matmul_precision": "high",
      "muon_lr": 0.06,
      "tf32": true,
      "warmdown_ratio": 0.45,
      "weight_decay": 0.0
    },
    "user_col": "user_id",
    "user_start_token": 0
  },
  "metrics": {
    "coverage@10": 0.04912816074373074,
    "coverage@100": 0.13804308087176465,
    "coverage@50": 0.13804308087176465,
    "head_ndcg@10": 0.030124642943674482,
    "head_ndcg@100": 0.049420435233245096,
    "head_ndcg@50": 0.049420435233245096,
    "head_recall@10": 0.05791031843454407,
    "head_recall@100": 0.14672539533540296,
    "head_recall@50": 0.14672539533540296,
    "long_tail_share": 0.06049019092200214,
    "mean_candidate_sid_length": 3.2705906485036444,
    "ndcg@10": 0.02234476885748894,
    "ndcg@100": 0.037377128161189876,
    "ndcg@50": 0.037377128161189876,
    "recall@10": 0.043286172618734416,
    "recall@100": 0.11271235470467565,
    "recall@50": 0.11271235470467565,
    "tail_ndcg@10": 0.0014804241209312894,
    "tail_ndcg@100": 0.00507895627100886,
    "tail_ndcg@50": 0.00507895627100886,
    "tail_recall@10": 0.004066615027110772,
    "tail_recall@100": 0.021494965143299766,
    "tail_recall@50": 0.021494965143299766,
    "unique_sids_per_user": 50.0
  },
  "stats": {
    "append_unique_token": true,
    "budget_mode": "tokens",
    "data_dir": "./data/RQ_album_artist_anchor/yambda",
    "flatten_codebooks": false,
    "history_budget_total": 128,
    "item_col": "item_id",
    "min_item_count": 16,
    "n_test_interactions_after_core": 134826,
    "n_train_interactions_after_core": 78995095,
    "n_users_pretrain": 812012,
    "n_users_test": 19013,
    "num_special_tokens": 2,
    "pop_k": 30000,
    "pretrain_avg_len_tokens": 85.2019871627513,
    "pretrain_max_len_observed": 128,
    "seed": 42,
    "semantic_ids_path": "./results/RQ_album_artist_anchor/aux/sids.parquet",
    "sep_token": 1,
    "sid_len_max": 6,
    "sid_stream_len_max": 6,
    "target_col": "target",
    "test_avg_len_events": 31.394310023929805,
    "test_avg_len_tokens": 104.21264398043444,
    "test_history_budget": 121,
    "test_max_len_observed": 122,
    "test_path": "./data/RQ_album_artist_anchor/yambda/seqrec_test_sample_interactions.parquet",
    "time_col": "timestamp",
    "token_dtype": "UInt32",
    "token_offset": 2,
    "train_avg_len_events": 25.530269257104575,
    "train_history_budget": 127,
    "train_path": "./data/RQ_album_artist_anchor/yambda/seqrec_train_interactions.parquet",
    "unique_token_offset": 4098,
    "user_col": "user_id",
    "user_start_token": 0,
    "vocab_size": 4886
  }
}