{
  "cfg": {
    "append_unique_token": true,
    "budget_mode": "tokens",
    "data_dir": "./data/RQ_album_artist_anchor/yambda",
    "device": "cuda",
    "eval": {
      "beam_size": 50,
      "catalog_size": null,
      "k_list": [
        10,
        50,
        100
      ],
      "max_batch_tokens": 32768,
      "max_batch_users": 1024,
      "max_candidates": 100,
      "per_code_max_items": 10
    },
    "flatten_codebooks": false,
    "history_budget": 128,
    "item_col": "item_id",
    "min_item_count": 16,
    "num_special_tokens": 2,
    "pop_k": 30000,
    "seed": 42,
    "semantic_ids_path": "./results/RQ_album_artist_anchor/aux/sids.parquet",
    "sep_token": 1,
    "summary_json": "./results/RQ_album_artist_anchor/aux/seqrec_summary.json",
    "target_col": "target",
    "test_interactions_path": "seqrec_test_sample_interactions.parquet",
    "time_col": "timestamp",
    "train": {
      "adam_lr": 0.008,
      "compile": true,
      "compile_dynamic": false,
      "depth": 4,
      "device_batch_size": 256,
      "final_lr_frac": 0.1,
      "grad_clip": 0.0,
      "ideal_batch_size_tokens": 65536,
      "matmul_precision": "high",
      "muon_lr": 0.06,
      "tf32": true,
      "warmdown_ratio": 0.45,
      "weight_decay": 0.0
    },
    "user_col": "user_id",
    "user_start_token": 0
  },
  "metrics": {
    "coverage@10": 0.050512210226297684,
    "coverage@100": 0.14168040767904974,
    "coverage@50": 0.14168040767904974,
    "head_ndcg@10": 0.03171813708704689,
    "head_ndcg@100": 0.05158361708184226,
    "head_ndcg@50": 0.05158361708184226,
    "head_recall@10": 0.061296859169199545,
    "head_recall@100": 0.15262700825010803,
    "head_recall@50": 0.15262700825010803,
    "long_tail_share": 0.05977909851154661,
    "mean_candidate_sid_length": 3.217536422447891,
    "ndcg@10": 0.02349396692263754,
    "ndcg@100": 0.038959458308224774,
    "ndcg@50": 0.038959458308224774,
    "recall@10": 0.04565297428075536,
    "recall@100": 0.11707778888129222,
    "recall@50": 0.11707778888129222,
    "tail_ndcg@10": 0.0016187824506823233,
    "tail_ndcg@100": 0.005380897012007493,
    "tail_ndcg@50": 0.005380897012007493,
    "tail_recall@10": 0.004042348411934554,
    "tail_recall@100": 0.022521655437921173,
    "tail_recall@50": 0.022521655437921173,
    "unique_sids_per_user": 50.0
  },
  "stats": {
    "append_unique_token": true,
    "budget_mode": "tokens",
    "data_dir": "./data/RQ_album_artist_anchor/yambda",
    "flatten_codebooks": false,
    "history_budget_total": 128,
    "item_col": "item_id",
    "min_item_count": 16,
    "n_test_interactions_after_core": 130704,
    "n_train_interactions_after_core": 78995095,
    "n_users_pretrain": 812012,
    "n_users_test": 19013,
    "num_special_tokens": 2,
    "pop_k": 30000,
    "pretrain_avg_len_tokens": 84.82108023034142,
    "pretrain_max_len_observed": 128,
    "seed": 42,
    "semantic_ids_path": "./results/RQ_album_artist_anchor/aux/sids.parquet",
    "sep_token": 1,
    "sid_len_max": 6,
    "sid_stream_len_max": 6,
    "target_col": "target",
    "test_avg_len_events": 32.0767720713073,
    "test_avg_len_tokens": 104.6567611634145,
    "test_history_budget": 121,
    "test_max_len_observed": 122,
    "test_path": "./data/RQ_album_artist_anchor/yambda/seqrec_test_sample_interactions.parquet",
    "time_col": "timestamp",
    "token_dtype": "UInt32",
    "token_offset": 2,
    "train_avg_len_events": 25.903965704940322,
    "train_history_budget": 127,
    "train_path": "./data/RQ_album_artist_anchor/yambda/seqrec_train_interactions.parquet",
    "unique_token_offset": 4098,
    "user_col": "user_id",
    "user_start_token": 0,
    "vocab_size": 4890
  }
}