{
  "meta": {
    "varlen": true,
    "maxlen": 5,
    "vocab_size": 4096,
    "batch_size": 2048,
    "per_step": true,
    "expected_holdout_frac": 0.01
  },
  "sanity": {
    "train_holdout_items": 268054,
    "cold_items": 30899
  },
  "train_holdout": {
    "n_items": 268054,
    "recon_head_longtail": {
      "head": {
        "uniform": {
          "@last": 0.032885289144515994,
          "@varlen": 0.03658558633327484
        },
        "unigram": {
          "@last": 0.02284523037431366,
          "@varlen": 0.019337359111584435
        }
      },
      "longtail": {
        "uniform": {
          "@last": 0.05293231194838991,
          "@varlen": 0.06700009565039233
        },
        "unigram": {
          "@last": 0.04837457424872688,
          "@varlen": 0.0620478761290087
        }
      }
    },
    "recon": {
      "uniform": {
        "@1": 0.23034445616701693,
        "@2": 0.11764993646042457,
        "@3": 0.07779709491090618,
        "@4": 0.059611955223011485,
        "@5": 0.05068869422370052,
        "@varlen": 0.06359617245486632
      },
      "unigram": {
        "@1": 0.1388040843178974,
        "@2": 0.052844162329236034,
        "@3": 0.04010862879732853,
        "@4": 0.03267558749201652,
        "@5": 0.02930831142654945,
        "@varlen": 0.03015007452945762
      }
    },
    "codebook": {
      "perplexity@1": 2333.190205812912,
      "codebook_usage@1": 0.984130859375,
      "perplexity@2": 3424.8329692002135,
      "codebook_usage@2": 0.999755859375,
      "perplexity@3": 3432.4098382835455,
      "codebook_usage@3": 0.999755859375,
      "perplexity@4": 3378.1944178692024,
      "codebook_usage@4": 0.999755859375,
      "perplexity@5": 3248.1670773368305,
      "codebook_usage@5": 0.989990234375,
      "perplexity_macro": 3163.358901700541,
      "codebook_usage_macro": 0.994677734375,
      "perplexity_micro": 3568.8801568963017,
      "codebook_usage_micro": 1.0,
      "total_tokens_micro": 861222
    },
    "length": {
      "mean_uniform": 3.2128675565371156,
      "mean_unigram": 2.2630989811149766
    },
    "popularity_length": {
      "pop_stats_by_length": {
        "1": {
          "count": 22011,
          "pop_mean": 968.9406205987915,
          "pop_median": 68.0,
          "pop_std": 3539.5591700110826,
          "pop_min": 16.0,
          "pop_max": 82097.0
        },
        "2": {
          "count": 55703,
          "pop_mean": 576.0386334667792,
          "pop_median": 87.0,
          "pop_std": 1343.197885642813,
          "pop_min": 16.0,
          "pop_max": 34329.0
        },
        "3": {
          "count": 73514,
          "pop_mean": 169.5999129417526,
          "pop_median": 55.0,
          "pop_std": 309.35120913093465,
          "pop_min": 16.0,
          "pop_max": 5440.0
        },
        "4": {
          "count": 76867,
          "pop_mean": 126.12918417526377,
          "pop_median": 46.0,
          "pop_std": 219.29632917257413,
          "pop_min": 16.0,
          "pop_max": 4215.0
        },
        "5": {
          "count": 39959,
          "pop_mean": 85.52573888235442,
          "pop_median": 38.0,
          "pop_std": 136.61546089408043,
          "pop_min": 16.0,
          "pop_max": 2491.0
        }
      }
    },
    "head_longtail": {
      "mean_length_head": 2.5226333333333333,
      "mean_length_longtail": 3.2998521343896763,
      "count_head": 30000,
      "count_longtail": 238054
    },
    "distinctness": {
      "n_items": 268054,
      "n_unique_codes": 224285,
      "unique_codes_per_item": 0.8367157363814753
    }
  },
  "cold": {
    "n_items": 30899,
    "recon": {
      "uniform": {
        "@1": 0.31884558402456864,
        "@2": 0.18121151248360648,
        "@3": 0.12352403629450756,
        "@4": 0.09513348683388381,
        "@5": 0.07971352585511955,
        "@varlen": 0.09297885374404215
      },
      "unigram": {
        "@1": 0.266275420230166,
        "@2": 0.14772439912559446,
        "@3": 0.09549513225122636,
        "@4": 0.07349134018874118,
        "@5": 0.06149692973817552,
        "@varlen": 0.07228988911577819
      }
    },
    "codebook": {
      "perplexity@1": 1346.896721750752,
      "codebook_usage@1": 0.746337890625,
      "perplexity@2": 2111.652372419777,
      "codebook_usage@2": 0.893310546875,
      "perplexity@3": 2396.4230483685683,
      "codebook_usage@3": 0.90771484375,
      "perplexity@4": 2601.611222092796,
      "codebook_usage@4": 0.903564453125,
      "perplexity@5": 2480.6090894897407,
      "codebook_usage@5": 0.788330078125,
      "perplexity_macro": 2187.438490824327,
      "codebook_usage_macro": 0.8478515625,
      "perplexity_micro": 2567.680563452571,
      "codebook_usage_micro": 0.996826171875,
      "total_tokens_micro": 116591
    },
    "length": {
      "mean_uniform": 3.773293634098191,
      "mean_unigram": 3.593153144338853
    },
    "popularity_length": {
      "pop_stats_by_length": {
        "1": {
          "count": 1241,
          "pop_mean": 2.209508460918614,
          "pop_median": 1.0,
          "pop_std": 15.373299218811107,
          "pop_min": 1.0,
          "pop_max": 406.0
        },
        "2": {
          "count": 3354,
          "pop_mean": 2.5143112701252237,
          "pop_median": 1.0,
          "pop_std": 16.088869406422756,
          "pop_min": 1.0,
          "pop_max": 402.0
        },
        "3": {
          "count": 6554,
          "pop_mean": 4.4397314617027765,
          "pop_median": 1.0,
          "pop_std": 98.27521306263763,
          "pop_min": 1.0,
          "pop_max": 7063.0
        },
        "4": {
          "count": 9770,
          "pop_mean": 1.7007164790174003,
          "pop_median": 1.0,
          "pop_std": 10.117413351293854,
          "pop_min": 1.0,
          "pop_max": 460.0
        },
        "5": {
          "count": 9980,
          "pop_mean": 2.211122244488978,
          "pop_median": 1.0,
          "pop_std": 63.89653376592846,
          "pop_min": 1.0,
          "pop_max": 5193.0
        }
      }
    },
    "distinctness": {
      "n_items": 30899,
      "n_unique_codes": 28799,
      "unique_codes_per_item": 0.9320366354898216
    }
  }
}