{
  "num_items": 268054,
  "num_unique_sids": 224285,
  "mean_sid_length": 3.2128675565371156,
  "collision_bucket_count": 13811,
  "colliding_item_count": 57580,
  "excess_item_collisions": 43769,
  "mean_items_per_sid": 1.1951490291370355,
  "p95_items_per_sid": 2.0,
  "max_items_per_sid": 515,
  "artist_prefix_purity": {
    "1": {
      "num_items": 268054,
      "num_prefixes": 4031,
      "purity": 0.20423869817275622
    },
    "2": {
      "num_items": 246043,
      "num_prefixes": 165154,
      "purity": 0.7927272875066553
    },
    "3": {
      "num_items": 190340,
      "num_prefixes": 185077,
      "purity": 0.9938583587264894
    },
    "4": {
      "num_items": 116826,
      "num_prefixes": 115564,
      "purity": 0.9986818002841833
    },
    "5": {
      "num_items": 39959,
      "num_prefixes": 39670,
      "purity": 0.9986235891789084
    }
  },
  "album_prefix_purity": {
    "1": {
      "num_items": 268054,
      "num_prefixes": 4031,
      "purity": 0.0651398598789796
    },
    "2": {
      "num_items": 246043,
      "num_prefixes": 165154,
      "purity": 0.7070146275244571
    },
    "3": {
      "num_items": 190340,
      "num_prefixes": 185077,
      "purity": 0.9768519491436377
    },
    "4": {
      "num_items": 116826,
      "num_prefixes": 115564,
      "purity": 0.9904302124527075
    },
    "5": {
      "num_items": 39959,
      "num_prefixes": 39670,
      "purity": 0.9932931254535899
    }
  }
}