{
  "cfg": {
    "append_unique_token": true,
    "budget_mode": "tokens",
    "data_dir": "./data/RQ_album_artist_anchor/yambda",
    "device": "cuda",
    "eval": {
      "beam_size": 50,
      "catalog_size": null,
      "k_list": [
        10,
        50,
        100
      ],
      "max_batch_tokens": 16384,
      "max_batch_users": 512,
      "max_candidates": 100,
      "per_code_max_items": 10
    },
    "flatten_codebooks": false,
    "history_budget": 128,
    "item_col": "item_id",
    "min_item_count": 16,
    "num_special_tokens": 2,
    "pop_k": 30000,
    "seed": 42,
    "semantic_ids_path": "./results/RQ_album_artist_anchor/original/sids.parquet",
    "sep_token": 1,
    "summary_json": "./results/RQ_album_artist_anchor/original/seqrec_summary.json",
    "target_col": "target",
    "test_interactions_path": "seqrec_test_sample_interactions.parquet",
    "time_col": "timestamp",
    "train": {
      "adam_lr": 0.008,
      "compile": true,
      "compile_dynamic": false,
      "depth": 4,
      "device_batch_size": 64,
      "final_lr_frac": 0.1,
      "grad_clip": 0.0,
      "ideal_batch_size_tokens": 65536,
      "matmul_precision": "high",
      "muon_lr": 0.06,
      "tf32": true,
      "warmdown_ratio": 0.45,
      "weight_decay": 0.0
    },
    "user_col": "user_id",
    "user_start_token": 0
  },
  "metrics": {
    "coverage@10": 0.04132749371395316,
    "coverage@100": 0.11145515455840987,
    "coverage@50": 0.11145515455840987,
    "head_ndcg@10": 0.025777120147657893,
    "head_ndcg@100": 0.04410721153048777,
    "head_ndcg@50": 0.04410721153048777,
    "head_recall@10": 0.050978409993501145,
    "head_recall@100": 0.13517221460033177,
    "head_recall@50": 0.13517221460033177,
    "long_tail_share": 0.04167043601745879,
    "mean_candidate_sid_length": 2.947833587545306,
    "ndcg@10": 0.018943192410957876,
    "ndcg@100": 0.03305528281068684,
    "ndcg@50": 0.03305528281068684,
    "recall@10": 0.037553253037395394,
    "recall@100": 0.1025614053542318,
    "recall@50": 0.1025614053542318,
    "tail_ndcg@10": 0.0006157204462874719,
    "tail_ndcg@100": 0.0034158248632586265,
    "tail_ndcg@50": 0.0034158248632586265,
    "tail_recall@10": 0.0015491866769945777,
    "tail_recall@100": 0.015104570100697138,
    "tail_recall@50": 0.015104570100697138,
    "unique_sids_per_user": 50.0
  },
  "stats": {
    "append_unique_token": true,
    "budget_mode": "tokens",
    "data_dir": "./data/RQ_album_artist_anchor/yambda",
    "flatten_codebooks": false,
    "history_budget_total": 128,
    "item_col": "item_id",
    "min_item_count": 16,
    "n_test_interactions_after_core": 134826,
    "n_train_interactions_after_core": 78995095,
    "n_users_pretrain": 812012,
    "n_users_test": 19013,
    "num_special_tokens": 2,
    "pop_k": 30000,
    "pretrain_avg_len_tokens": 84.25642847642645,
    "pretrain_max_len_observed": 128,
    "seed": 42,
    "semantic_ids_path": "./results/RQ_album_artist_anchor/original/sids.parquet",
    "sep_token": 1,
    "sid_len_max": 6,
    "sid_stream_len_max": 6,
    "target_col": "target",
    "test_avg_len_events": 31.68402020739165,
    "test_avg_len_tokens": 103.45894914006206,
    "test_history_budget": 121,
    "test_max_len_observed": 122,
    "test_path": "./data/RQ_album_artist_anchor/yambda/seqrec_test_sample_interactions.parquet",
    "time_col": "timestamp",
    "token_dtype": "UInt32",
    "token_offset": 2,
    "train_avg_len_events": 25.879484539637346,
    "train_history_budget": 127,
    "train_path": "./data/RQ_album_artist_anchor/yambda/seqrec_train_interactions.parquet",
    "unique_token_offset": 4098,
    "user_col": "user_id",
    "user_start_token": 0,
    "vocab_size": 4582
  }
}