{
  "cfg": {
    "append_unique_token": true,
    "budget_mode": "tokens",
    "data_dir": "./data/RQ_album_artist_anchor/yambda",
    "device": "cuda",
    "eval": {
      "beam_size": 50,
      "catalog_size": null,
      "k_list": [
        10,
        50,
        100
      ],
      "max_batch_tokens": 32768,
      "max_batch_users": 1024,
      "max_candidates": 100,
      "per_code_max_items": 10
    },
    "flatten_codebooks": false,
    "history_budget": 128,
    "item_col": "item_id",
    "min_item_count": 16,
    "num_special_tokens": 2,
    "pop_k": 30000,
    "seed": 42,
    "semantic_ids_path": "./results/RQ_album_artist_anchor/original/sids.parquet",
    "sep_token": 1,
    "summary_json": "./results/RQ_album_artist_anchor/original/seqrec_summary.json",
    "target_col": "target",
    "test_interactions_path": "seqrec_test_sample_interactions.parquet",
    "time_col": "timestamp",
    "train": {
      "adam_lr": 0.008,
      "compile": true,
      "compile_dynamic": false,
      "depth": 4,
      "device_batch_size": 256,
      "final_lr_frac": 0.1,
      "grad_clip": 0.0,
      "ideal_batch_size_tokens": 65536,
      "matmul_precision": "high",
      "muon_lr": 0.06,
      "tf32": true,
      "warmdown_ratio": 0.45,
      "weight_decay": 0.0
    },
    "user_col": "user_id",
    "user_start_token": 0
  },
  "metrics": {
    "coverage@10": 0.0403500787154827,
    "coverage@100": 0.11087318226924425,
    "coverage@50": 0.11087318226924425,
    "head_ndcg@10": 0.027809830153260568,
    "head_ndcg@100": 0.04592162670214912,
    "head_ndcg@50": 0.04592162670214912,
    "head_recall@10": 0.0542046605876395,
    "head_recall@100": 0.13692285424808276,
    "head_recall@50": 0.13692285424808276,
    "long_tail_share": 0.04506916320412391,
    "mean_candidate_sid_length": 2.9033240414453814,
    "ndcg@10": 0.02032534595529011,
    "ndcg@100": 0.03420628281154925,
    "ndcg@50": 0.03420628281154925,
    "recall@10": 0.03970967232945887,
    "recall@100": 0.10329774364908248,
    "recall@50": 0.10329774364908248,
    "tail_ndcg@10": 0.00041762648511536524,
    "tail_ndcg@100": 0.003045046645946588,
    "tail_ndcg@50": 0.003045046645946588,
    "tail_recall@10": 0.0011549566891241587,
    "tail_recall@100": 0.013859480269489919,
    "tail_recall@50": 0.013859480269489919,
    "unique_sids_per_user": 50.0
  },
  "stats": {
    "append_unique_token": true,
    "budget_mode": "tokens",
    "data_dir": "./data/RQ_album_artist_anchor/yambda",
    "flatten_codebooks": false,
    "history_budget_total": 128,
    "item_col": "item_id",
    "min_item_count": 16,
    "n_test_interactions_after_core": 130704,
    "n_train_interactions_after_core": 78995095,
    "n_users_pretrain": 812012,
    "n_users_test": 19013,
    "num_special_tokens": 2,
    "pop_k": 30000,
    "pretrain_avg_len_tokens": 84.00735210809692,
    "pretrain_max_len_observed": 128,
    "seed": 42,
    "semantic_ids_path": "./results/RQ_album_artist_anchor/original/sids.parquet",
    "sep_token": 1,
    "sid_len_max": 6,
    "sid_stream_len_max": 6,
    "target_col": "target",
    "test_avg_len_events": 32.345500848896435,
    "test_avg_len_tokens": 103.92368379529795,
    "test_history_budget": 121,
    "test_max_len_observed": 122,
    "test_path": "./data/RQ_album_artist_anchor/yambda/seqrec_test_sample_interactions.parquet",
    "time_col": "timestamp",
    "token_dtype": "UInt32",
    "token_offset": 2,
    "train_avg_len_events": 26.209569563011385,
    "train_history_budget": 127,
    "train_path": "./data/RQ_album_artist_anchor/yambda/seqrec_train_interactions.parquet",
    "unique_token_offset": 4098,
    "user_col": "user_id",
    "user_start_token": 0,
    "vocab_size": 4613
  }
}